,0
0,"Data Science

Data Science Interview Questions


Learn how to tackle behavioral and technical questions, and ultimately breeze through even the most intense data science interview."
1,"Data Science

Data Science Podcasts


If you’re interested in staying up to date with the latest developments in the field, a data science podcast might be the perfect way to catch the latest."
2,"Data Science

Data Science Tools


A big part of becoming a data scientist is understanding how to utilize these tools meaningfully in your role."
3,"Data Science

Learn Data Science


This fast-growing discipline helps companies to analyze raw data, and provides valuable information about consumers, the market, and employees."
4,"Data Science

Data Science School


We took a broad look at the opportunities out there for data scientists, along with an overview of the key skills and concepts you’ll need to master on your mission to becoming a data expert."
5,"Data Science

Data Science Jobs


We’ll list a few job search platforms and take you through some data scientist interview questions to help you get hired as a data scientist."
6,"Data Science

Data Scientist Resume


If you’ve already got the skills you need to get hired, we’re here to help you through the next step: crafting the perfect data science resume."
7,"Data Science

Data Science Skills


In this article, we’ll discuss what you need to learn to become a data scientist."
8,"Data Science

Data Science Training


We’ve outlined some of the skills you need to learn as well as your course options to help you start your new career."
9,"Data Science

Entry Level Jobs in Data Science


If you’re considering putting your programming skills and analytical mindset to work, let’s walk through the steps of securing an entry-level data science position."
10,"Data Science

How to Get A Job in Data Science


This article looks at the role of a data scientist, the different specializations within the field, and the skills needed to get hired."
11,"Data Science

Are Data Science Degrees Worth It?


Selecting the right program for your specific needs can be a tough decision, so we’re to help you consider your options."
12,"Data Science

Data Science Internships


If you have a passion for big data and are looking to kickstart your career in data science, read on."
13,"Data Science

Data Science Certificates


Certifications validate your skills, which further increases your chances of getting hired. Here we  list the top certification programs to help you thrive as a data scientist."
14,"Data Science

Data Science Cover Letter


A cover letter is sometimes even more important than a resume. So we’re going to guide you through the process of creating a strong data science cover letter."
